numero_processo,bloco,tipo,total_documentos,motivo_descarte,detalhe
02120.000008/2022-59,Processos do Alvo Complementar Quelônios Amazônicos - Programa Monitora - Ana Paula e Lilian,SOLICITAÇÃO,51,criterio_1_tipo_nao_tecnico,Tipo de processo 'SOLICITAÇÃO' não está na lista de tipos técnicos aceitos.
02071.000009/2023-15,Avaliação do risco de extinção da Herpetofauna,FAUNA,16,criterio_2_sem_doc_tecnico,"Tipo de processo aceito, mas nenhum título de documento no processo contém termo técnico (ou todos os termos técnicos encontrados coincidem com termos de tramitação administrativa)."
02070.009272/2023-71,Avaliação do risco de extinção da Herpetofauna,DIÁRIAS E PASSAGENS,120,criterio_1_tipo_nao_tecnico,Tipo de processo 'DIÁRIAS E PASSAGENS' não está na lista de tipos técnicos aceitos.
02070.012013/2023-28,Avaliação do risco de extinção da Herpetofauna,PROTOCOLO,18,criterio_1_tipo_nao_tecnico,Tipo de processo 'PROTOCOLO' não está na lista de tipos técnicos aceitos.
02070.018346/2023-61,Avaliação do risco de extinção da Herpetofauna,PROCESSO ADMINISTRATIVO,18,criterio_1_tipo_nao_tecnico,Tipo de processo 'PROCESSO ADMINISTRATIVO' não está na lista de tipos técnicos aceitos.
02070.000833/2024-58,Avaliação do risco de extinção da Herpetofauna,PROTOCOLO,20,criterio_1_tipo_nao_tecnico,Tipo de processo 'PROTOCOLO' não está na lista de tipos técnicos aceitos.
02070.007295/2025-11,Avaliação do risco de extinção da Herpetofauna,TRANSPORTE DE MATERIAL,11,criterio_1_tipo_nao_tecnico,Tipo de processo 'TRANSPORTE DE MATERIAL' não está na lista de tipos técnicos aceitos.
02070.016826/2025-59,Avaliação do risco de extinção da Herpetofauna,EVENTO,100,criterio_1_tipo_nao_tecnico,Tipo de processo 'EVENTO' não está na lista de tipos técnicos aceitos.
02071.000038/2025-31,Avaliação do risco de extinção da Herpetofauna,TERMO DE ACORDO,7,criterio_1_tipo_nao_tecnico,Tipo de processo 'TERMO DE ACORDO' não está na lista de tipos técnicos aceitos.
02071.000001/2026-93,Avaliação do risco de extinção da Herpetofauna,OFICINA,34,criterio_2_sem_doc_tecnico,"Tipo de processo aceito, mas nenhum título de documento no processo contém termo técnico (ou todos os termos técnicos encontrados coincidem com termos de tramitação administrativa)."
02071.000014/2026-62,Avaliação do risco de extinção da Herpetofauna,PROJETO DE PESQUISA,6,criterio_2_sem_doc_tecnico,"Tipo de processo aceito, mas nenhum título de documento no processo contém termo técnico (ou todos os termos técnicos encontrados coincidem com termos de tramitação administrativa)."
02071.000026/2026-97,Avaliação do risco de extinção da Herpetofauna,PROCESSO ADMINISTRATIVO,11,criterio_1_tipo_nao_tecnico,Tipo de processo 'PROCESSO ADMINISTRATIVO' não está na lista de tipos técnicos aceitos.
02031.000032/2026-11,Avaliação do risco de extinção da Herpetofauna,EVENTO,97,criterio_1_tipo_nao_tecnico,Tipo de processo 'EVENTO' não está na lista de tipos técnicos aceitos.
02070.015682/2023-51,Espécies Invasoras/Espécies Migratórias,CONSULTA,11,criterio_1_tipo_nao_tecnico,Tipo de processo 'CONSULTA' não está na lista de tipos técnicos aceitos.
02070.012581/2024-18,Espécies Invasoras/Espécies Migratórias,CONSULTA,152,criterio_1_tipo_nao_tecnico,Tipo de processo 'CONSULTA' não está na lista de tipos técnicos aceitos.
02071.000041/2024-73,Espécies Invasoras/Espécies Migratórias,FAUNA,94,criterio_2_sem_doc_tecnico,"Tipo de processo aceito, mas nenhum título de documento no processo contém termo técnico (ou todos os termos técnicos encontrados coincidem com termos de tramitação administrativa)."
02070.000463/2025-30,Espécies Invasoras/Espécies Migratórias,PROTOCOLO,21,criterio_1_tipo_nao_tecnico,Tipo de processo 'PROTOCOLO' não está na lista de tipos técnicos aceitos.
02070.002398/2023-15,Espécies Invasoras/Espécies Migratórias,TRANSPORTE DE MATERIAL,354,criterio_1_tipo_nao_tecnico,Tipo de processo 'TRANSPORTE DE MATERIAL' não está na lista de tipos técnicos aceitos.
02070.012020/2017-81,PAN Baixo Iguaçu,PLANEJAMENTO ESTRATÉGICO,224,criterio_1_tipo_nao_tecnico,Tipo de processo 'PLANEJAMENTO ESTRATÉGICO' não está na lista de tipos técnicos aceitos.
02071.010077/2016-55,PAN Paraíba do Sul,SERVIÇO GERAL,54,criterio_1_tipo_nao_tecnico,Tipo de processo 'SERVIÇO GERAL' não está na lista de tipos técnicos aceitos.
02031.000029/2026-05,PAN Paraíba do Sul,VIAGEM A SERVIÇO,40,criterio_1_tipo_nao_tecnico,Tipo de processo 'VIAGEM A SERVIÇO' não está na lista de tipos técnicos aceitos.
02071.000049/2020-14,Crocodilianos,VIAGEM A SERVIÇO,127,criterio_1_tipo_nao_tecnico,Tipo de processo 'VIAGEM A SERVIÇO' não está na lista de tipos técnicos aceitos.
02119.001420/2021-44,Crocodilianos,SOLICITAÇÃO,41,criterio_1_tipo_nao_tecnico,Tipo de processo 'SOLICITAÇÃO' não está na lista de tipos técnicos aceitos.
02071.000018/2021-36,Crocodilianos,ACORDO DE COOPERAÇÃO TÉCNICA,58,criterio_1_tipo_nao_tecnico,Tipo de processo 'ACORDO DE COOPERAÇÃO TÉCNICA' não está na lista de tipos técnicos aceitos.
02070.006870/2019-11,Crocodilianos,PROGRAMA,28,criterio_1_tipo_nao_tecnico,Tipo de processo 'PROGRAMA' não está na lista de tipos técnicos aceitos.
02070.007197/2023-12,Crocodilianos,PROTOCOLO,19,criterio_1_tipo_nao_tecnico,Tipo de processo 'PROTOCOLO' não está na lista de tipos técnicos aceitos.
02071.000048/2024-95,Crocodilianos,VIAGEM A SERVIÇO,141,criterio_1_tipo_nao_tecnico,Tipo de processo 'VIAGEM A SERVIÇO' não está na lista de tipos técnicos aceitos.
02001.001557/2007-68,Crocodilianos,SOLICITAÇÃO,2,criterio_1_tipo_nao_tecnico,Tipo de processo 'SOLICITAÇÃO' não está na lista de tipos técnicos aceitos.
02071.000059/2024-75,Crocodilianos,PORTARIA,5,criterio_2_sem_doc_tecnico,"Tipo de processo aceito, mas nenhum título de documento no processo contém termo técnico (ou todos os termos técnicos encontrados coincidem com termos de tramitação administrativa)."
02120.014855/2025-43,Crocodilianos,AJUDA DE CUSTO,38,criterio_1_tipo_nao_tecnico,Tipo de processo 'AJUDA DE CUSTO' não está na lista de tipos técnicos aceitos.
02071.010021/2016-09,Quelônios amazônicos,SISTEMAS SOFTWARE,61,criterio_1_tipo_nao_tecnico,Tipo de processo 'SISTEMAS SOFTWARE' não está na lista de tipos técnicos aceitos.
02071.000035/2020-92,Quelônios amazônicos,MANIFESTAÇÃO,24,criterio_1_tipo_nao_tecnico,Tipo de processo 'MANIFESTAÇÃO' não está na lista de tipos técnicos aceitos.
02070.006372/2020-01,Quelônios amazônicos,PLANO,14,criterio_2_sem_doc_tecnico,"Tipo de processo aceito, mas nenhum título de documento no processo contém termo técnico (ou todos os termos técnicos encontrados coincidem com termos de tramitação administrativa)."
02070.024758/2021-78,Quelônios amazônicos,PLANO,18,criterio_2_sem_doc_tecnico,"Tipo de processo aceito, mas nenhum título de documento no processo contém termo técnico (ou todos os termos técnicos encontrados coincidem com termos de tramitação administrativa)."
02070.000057/2022-24,Quelônios amazônicos,PROTOCOLO,11,criterio_1_tipo_nao_tecnico,Tipo de processo 'PROTOCOLO' não está na lista de tipos técnicos aceitos.
02177.000069/2021-80,Quelônios amazônicos,ORDEM DE SERVIÇO,12,criterio_1_tipo_nao_tecnico,Tipo de processo 'ORDEM DE SERVIÇO' não está na lista de tipos técnicos aceitos.
02070.005159/2024-06,Quelônios amazônicos,PROTOCOLO,13,criterio_1_tipo_nao_tecnico,Tipo de processo 'PROTOCOLO' não está na lista de tipos técnicos aceitos.
02303.020900/2024-70,Quelônios amazônicos,SOLICITAÇÃO DE ACESSO À INFORMAÇÃO,30,criterio_1_tipo_nao_tecnico,Tipo de processo 'SOLICITAÇÃO DE ACESSO À INFORMAÇÃO' não está na lista de tipos técnicos aceitos.
02121.000370/2021-39,Quelônios amazônicos,TERMO DE COMPROMISSO,131,criterio_1_tipo_nao_tecnico,Tipo de processo 'TERMO DE COMPROMISSO' não está na lista de tipos técnicos aceitos.
02122.001543/2025-50,Quelônios amazônicos,EVENTO,61,criterio_1_tipo_nao_tecnico,Tipo de processo 'EVENTO' não está na lista de tipos técnicos aceitos.
02071.000031/2025-19,Quelônios amazônicos,COMISSÃO DE ÉTICA,14,criterio_1_tipo_nao_tecnico,Tipo de processo 'COMISSÃO DE ÉTICA' não está na lista de tipos técnicos aceitos.
02070.023713/2025-18,Quelônios amazônicos,REQUERIMENTO DE INFORMAÇÃO,37,criterio_1_tipo_nao_tecnico,Tipo de processo 'REQUERIMENTO DE INFORMAÇÃO' não está na lista de tipos técnicos aceitos.
02121.001602/2026-81,Quelônios amazônicos,CONVITE,117,criterio_1_tipo_nao_tecnico,Tipo de processo 'CONVITE' não está na lista de tipos técnicos aceitos.
02071.000073/2017-40,PAN Espinhaço,DIÁRIAS E PASSAGENS,36,criterio_1_tipo_nao_tecnico,Tipo de processo 'DIÁRIAS E PASSAGENS' não está na lista de tipos técnicos aceitos.
02071.000081/2017-96,PAN Espinhaço,RECONHECIMENTO DE DÍVIDA,13,criterio_1_tipo_nao_tecnico,Tipo de processo 'RECONHECIMENTO DE DÍVIDA' não está na lista de tipos técnicos aceitos.
02071.000015/2021-01,PAN Espinhaço,PLANO,2,criterio_2_sem_doc_tecnico,"Tipo de processo aceito, mas nenhum título de documento no processo contém termo técnico (ou todos os termos técnicos encontrados coincidem com termos de tramitação administrativa)."
02070.001438/2023-10,PAN Espinhaço,PROCESSO ADMINISTRATIVO,38,criterio_1_tipo_nao_tecnico,Tipo de processo 'PROCESSO ADMINISTRATIVO' não está na lista de tipos técnicos aceitos.
02071.000135/2018-02,PAN Cerrado Pantanal - CERPAN,SOLICITAÇÃO,4,criterio_1_tipo_nao_tecnico,Tipo de processo 'SOLICITAÇÃO' não está na lista de tipos técnicos aceitos.
02071.000101/2017-29,PAN Cerrado Pantanal - CERPAN,SOLICITAÇÃO,47,criterio_1_tipo_nao_tecnico,Tipo de processo 'SOLICITAÇÃO' não está na lista de tipos técnicos aceitos.
02071.000073/2019-10,PAN Cerrado Pantanal - CERPAN,VIAGEM A SERVIÇO,83,criterio_1_tipo_nao_tecnico,Tipo de processo 'VIAGEM A SERVIÇO' não está na lista de tipos técnicos aceitos.
02071.000012/2019-44,PAN Cerrado Pantanal - CERPAN,AÇÃO,85,criterio_1_tipo_nao_tecnico,Tipo de processo 'AÇÃO' não está na lista de tipos técnicos aceitos.
02071.000008/2020-10,PAN Cerrado Pantanal - CERPAN,PLANO,14,criterio_2_sem_doc_tecnico,"Tipo de processo aceito, mas nenhum título de documento no processo contém termo técnico (ou todos os termos técnicos encontrados coincidem com termos de tramitação administrativa)."
02071.000037/2023-24,PAN Cerrado Pantanal - CERPAN,COMPRA,19,criterio_1_tipo_nao_tecnico,Tipo de processo 'COMPRA' não está na lista de tipos técnicos aceitos.
02071.000063/2023-52,PAN Cerrado Pantanal - CERPAN,AÇÃO,5,criterio_1_tipo_nao_tecnico,Tipo de processo 'AÇÃO' não está na lista de tipos técnicos aceitos.
02071.000071/2023-07,PAN Cerrado Pantanal - CERPAN,PLANO,11,criterio_2_sem_doc_tecnico,"Tipo de processo aceito, mas nenhum título de documento no processo contém termo técnico (ou todos os termos técnicos encontrados coincidem com termos de tramitação administrativa)."
02071.000072/2023-43,PAN Cerrado Pantanal - CERPAN,PLANO,12,criterio_2_sem_doc_tecnico,"Tipo de processo aceito, mas nenhum título de documento no processo contém termo técnico (ou todos os termos técnicos encontrados coincidem com termos de tramitação administrativa)."
02071.000073/2023-98,PAN Cerrado Pantanal - CERPAN,PLANO,8,criterio_2_sem_doc_tecnico,"Tipo de processo aceito, mas nenhum título de documento no processo contém termo técnico (ou todos os termos técnicos encontrados coincidem com termos de tramitação administrativa)."
02071.000074/2023-32,PAN Cerrado Pantanal - CERPAN,PLANO,3,criterio_2_sem_doc_tecnico,"Tipo de processo aceito, mas nenhum título de documento no processo contém termo técnico (ou todos os termos técnicos encontrados coincidem com termos de tramitação administrativa)."
02071.000075/2023-87,PAN Cerrado Pantanal - CERPAN,PLANO,6,criterio_2_sem_doc_tecnico,"Tipo de processo aceito, mas nenhum título de documento no processo contém termo técnico (ou todos os termos técnicos encontrados coincidem com termos de tramitação administrativa)."
02071.000080/2023-90,PAN Cerrado Pantanal - CERPAN,PLANO,7,criterio_2_sem_doc_tecnico,"Tipo de processo aceito, mas nenhum título de documento no processo contém termo técnico (ou todos os termos técnicos encontrados coincidem com termos de tramitação administrativa)."
02071.000081/2023-34,PAN Cerrado Pantanal - CERPAN,PLANO,3,criterio_2_sem_doc_tecnico,"Tipo de processo aceito, mas nenhum título de documento no processo contém termo técnico (ou todos os termos técnicos encontrados coincidem com termos de tramitação administrativa)."
02071.000086/2023-67,PAN Cerrado Pantanal - CERPAN,PLANO,4,criterio_2_sem_doc_tecnico,"Tipo de processo aceito, mas nenhum título de documento no processo contém termo técnico (ou todos os termos técnicos encontrados coincidem com termos de tramitação administrativa)."
02071.000087/2023-10,PAN Cerrado Pantanal - CERPAN,PLANO,10,criterio_2_sem_doc_tecnico,"Tipo de processo aceito, mas nenhum título de documento no processo contém termo técnico (ou todos os termos técnicos encontrados coincidem com termos de tramitação administrativa)."
02071.000096/2023-01,PAN Cerrado Pantanal - CERPAN,PLANO,3,criterio_2_sem_doc_tecnico,"Tipo de processo aceito, mas nenhum título de documento no processo contém termo técnico (ou todos os termos técnicos encontrados coincidem com termos de tramitação administrativa)."
02071.000005/2024-18,PAN Cerrado Pantanal - CERPAN,PLANO,6,criterio_2_sem_doc_tecnico,"Tipo de processo aceito, mas nenhum título de documento no processo contém termo técnico (ou todos os termos técnicos encontrados coincidem com termos de tramitação administrativa)."
02071.000055/2024-97,PAN Cerrado Pantanal - CERPAN,PLANO DE TRABALHO,14,criterio_1_tipo_nao_tecnico,Tipo de processo 'PLANO DE TRABALHO' não está na lista de tipos técnicos aceitos.
02070.008203/2024-21,PAN Cerrado Pantanal - CERPAN,CRIAÇÃO DE UNIDADE DE CONSERVAÇÃO,62,criterio_1_tipo_nao_tecnico,Tipo de processo 'CRIAÇÃO DE UNIDADE DE CONSERVAÇÃO' não está na lista de tipos técnicos aceitos.
02070.017870/2023-14,PAN Cerrado Pantanal - CERPAN,PLANEJAMENTO ESTRATÉGICO,51,criterio_1_tipo_nao_tecnico,Tipo de processo 'PLANEJAMENTO ESTRATÉGICO' não está na lista de tipos técnicos aceitos.
02071.000002/2025-57,PAN Cerrado Pantanal - CERPAN,PAGAMENTO,26,criterio_1_tipo_nao_tecnico,Tipo de processo 'PAGAMENTO' não está na lista de tipos técnicos aceitos.
02071.000061/2025-25,PAN Cerrado Pantanal - CERPAN,PLANO,8,criterio_2_sem_doc_tecnico,"Tipo de processo aceito, mas nenhum título de documento no processo contém termo técnico (ou todos os termos técnicos encontrados coincidem com termos de tramitação administrativa)."
02071.000058/2020-05,PAN Sudeste,PLANO,32,criterio_2_sem_doc_tecnico,"Tipo de processo aceito, mas nenhum título de documento no processo contém termo técnico (ou todos os termos técnicos encontrados coincidem com termos de tramitação administrativa)."
02071.000089/2020-58,PAN Sudeste,VIAGEM A SERVIÇO,4,criterio_1_tipo_nao_tecnico,Tipo de processo 'VIAGEM A SERVIÇO' não está na lista de tipos técnicos aceitos.
02071.000013/2020-22,PAN Sudeste,SOLICITAÇÃO,26,criterio_1_tipo_nao_tecnico,Tipo de processo 'SOLICITAÇÃO' não está na lista de tipos técnicos aceitos.
02070.008246/2022-45,PAN Sudeste,PROTOCOLO,15,criterio_1_tipo_nao_tecnico,Tipo de processo 'PROTOCOLO' não está na lista de tipos técnicos aceitos.
02071.000051/2023-28,PAN Sudeste,VIAGEM A SERVIÇO,46,criterio_1_tipo_nao_tecnico,Tipo de processo 'VIAGEM A SERVIÇO' não está na lista de tipos técnicos aceitos.
02071.000058/2024-21,PAN Sudeste,VIAGEM A SERVIÇO,128,criterio_1_tipo_nao_tecnico,Tipo de processo 'VIAGEM A SERVIÇO' não está na lista de tipos técnicos aceitos.
02070.008154/2025-16,PAN Sudeste,EVENTO,212,criterio_1_tipo_nao_tecnico,Tipo de processo 'EVENTO' não está na lista de tipos técnicos aceitos.
02071.000024/2026-06,PAN Sudeste,PROCESSO ADMINISTRATIVO,7,criterio_1_tipo_nao_tecnico,Tipo de processo 'PROCESSO ADMINISTRATIVO' não está na lista de tipos técnicos aceitos.
02071.000037/2026-77,PAN Sudeste,PLANO,93,criterio_2_sem_doc_tecnico,"Tipo de processo aceito, mas nenhum título de documento no processo contém termo técnico (ou todos os termos técnicos encontrados coincidem com termos de tramitação administrativa)."
02031.000042/2026-56,PAN Sudeste,SOLICITAÇÃO,6,criterio_1_tipo_nao_tecnico,Tipo de processo 'SOLICITAÇÃO' não está na lista de tipos técnicos aceitos.
02071.000048/2026-57,PAN Sudeste,OFICINA,116,criterio_2_sem_doc_tecnico,"Tipo de processo aceito, mas nenhum título de documento no processo contém termo técnico (ou todos os termos técnicos encontrados coincidem com termos de tramitação administrativa)."
02071.000042/2018-70,PAN Nordeste,PLANO,129,criterio_2_sem_doc_tecnico,"Tipo de processo aceito, mas nenhum título de documento no processo contém termo técnico (ou todos os termos técnicos encontrados coincidem com termos de tramitação administrativa)."
02071.000059/2021-22,PAN Nordeste,PLANO,15,criterio_2_sem_doc_tecnico,"Tipo de processo aceito, mas nenhum título de documento no processo contém termo técnico (ou todos os termos técnicos encontrados coincidem com termos de tramitação administrativa)."
02071.000054/2022-81,PAN Nordeste,VIAGEM A SERVIÇO,171,criterio_1_tipo_nao_tecnico,Tipo de processo 'VIAGEM A SERVIÇO' não está na lista de tipos técnicos aceitos.
02071.000070/2022-73,PAN Nordeste,VIAGEM A SERVIÇO,13,criterio_1_tipo_nao_tecnico,Tipo de processo 'VIAGEM A SERVIÇO' não está na lista de tipos técnicos aceitos.
02071.000013/2023-75,PAN Nordeste,PLANO,106,criterio_2_sem_doc_tecnico,"Tipo de processo aceito, mas nenhum título de documento no processo contém termo técnico (ou todos os termos técnicos encontrados coincidem com termos de tramitação administrativa)."
02070.005155/2023-39,PAN Nordeste,PROTOCOLO,2,criterio_1_tipo_nao_tecnico,Tipo de processo 'PROTOCOLO' não está na lista de tipos técnicos aceitos.
02071.000023/2023-19,PAN Nordeste,VIAGEM A SERVIÇO,138,criterio_1_tipo_nao_tecnico,Tipo de processo 'VIAGEM A SERVIÇO' não está na lista de tipos técnicos aceitos.
02071.000089/2023-09,PAN Nordeste,PROCESSO SELETIVO,7,criterio_1_tipo_nao_tecnico,Tipo de processo 'PROCESSO SELETIVO' não está na lista de tipos técnicos aceitos.
02071.000062/2024-99,PAN Nordeste,PROCESSO ADMINISTRATIVO,11,criterio_1_tipo_nao_tecnico,Tipo de processo 'PROCESSO ADMINISTRATIVO' não está na lista de tipos técnicos aceitos.
02070.004278/2025-14,PAN Nordeste,EVENTO,3,criterio_1_tipo_nao_tecnico,Tipo de processo 'EVENTO' não está na lista de tipos técnicos aceitos.
02071.000028/2025-03,PAN Nordeste,AÇÃO,0,criterio_1_tipo_nao_tecnico,Tipo de processo 'AÇÃO' não está na lista de tipos técnicos aceitos.
02071.000071/2025-61,PAN Nordeste,PROCESSO ADMINISTRATIVO,14,criterio_1_tipo_nao_tecnico,Tipo de processo 'PROCESSO ADMINISTRATIVO' não está na lista de tipos técnicos aceitos.
02071.000003/2026-82,PAN Nordeste,COMUNICAÇÃO,16,criterio_1_tipo_nao_tecnico,Tipo de processo 'COMUNICAÇÃO' não está na lista de tipos técnicos aceitos.
02071.000010/2026-84,PAN Nordeste,PROCESSO ADMINISTRATIVO,2,criterio_1_tipo_nao_tecnico,Tipo de processo 'PROCESSO ADMINISTRATIVO' não está na lista de tipos técnicos aceitos.
02001.006948/2005-15,PAN Nordeste,CRIAÇÃO DE UNIDADE DE CONSERVAÇÃO,62,criterio_1_tipo_nao_tecnico,Tipo de processo 'CRIAÇÃO DE UNIDADE DE CONSERVAÇÃO' não está na lista de tipos técnicos aceitos.
02071.000025/2026-42,PAN Nordeste,PROCESSO ADMINISTRATIVO,5,criterio_1_tipo_nao_tecnico,Tipo de processo 'PROCESSO ADMINISTRATIVO' não está na lista de tipos técnicos aceitos.
02071.000045/2026-13,PAN Nordeste,PROCESSO ADMINISTRATIVO,9,criterio_1_tipo_nao_tecnico,Tipo de processo 'PROCESSO ADMINISTRATIVO' não está na lista de tipos técnicos aceitos.
02071.000035/2017-97,PAN Sul,SOLICITAÇÃO,9,criterio_1_tipo_nao_tecnico,Tipo de processo 'SOLICITAÇÃO' não está na lista de tipos técnicos aceitos.
02071.000078/2017-72,PAN Sul,DIÁRIAS E PASSAGENS,140,criterio_1_tipo_nao_tecnico,Tipo de processo 'DIÁRIAS E PASSAGENS' não está na lista de tipos técnicos aceitos.
02071.000033/2017-06,PAN Sul,INFORMAÇÃO,3,criterio_2_sem_doc_tecnico,"Tipo de processo aceito, mas nenhum título de documento no processo contém termo técnico (ou todos os termos técnicos encontrados coincidem com termos de tramitação administrativa)."
02071.000036/2018-12,PAN Sul,SOLICITAÇÃO,19,criterio_1_tipo_nao_tecnico,Tipo de processo 'SOLICITAÇÃO' não está na lista de tipos técnicos aceitos.
02071.000111/2018-45,PAN Sul,DIÁRIAS E PASSAGENS,26,criterio_1_tipo_nao_tecnico,Tipo de processo 'DIÁRIAS E PASSAGENS' não está na lista de tipos técnicos aceitos.
02071.000034/2017-42,PAN Sul,SOLICITAÇÃO,6,criterio_1_tipo_nao_tecnico,Tipo de processo 'SOLICITAÇÃO' não está na lista de tipos técnicos aceitos.
02070.000035/2020-01,PAN Sul,PUBLICAÇÃO,9,criterio_2_sem_doc_tecnico,"Tipo de processo aceito, mas nenhum título de documento no processo contém termo técnico (ou todos os termos técnicos encontrados coincidem com termos de tramitação administrativa)."
02071.010090/2016-12,PAN Sul,SOLICITAÇÃO,2,criterio_1_tipo_nao_tecnico,Tipo de processo 'SOLICITAÇÃO' não está na lista de tipos técnicos aceitos.
02071.000092/2020-71,PAN Sul,VIAGEM A SERVIÇO,15,criterio_1_tipo_nao_tecnico,Tipo de processo 'VIAGEM A SERVIÇO' não está na lista de tipos técnicos aceitos.
02070.026752/2021-35,PAN Sul,PLANEJAMENTO ESTRATÉGICO,70,criterio_1_tipo_nao_tecnico,Tipo de processo 'PLANEJAMENTO ESTRATÉGICO' não está na lista de tipos técnicos aceitos.
02071.000073/2022-15,PAN Sul,CONTRATAÇÃO DE SERVICO,28,criterio_1_tipo_nao_tecnico,Tipo de processo 'CONTRATAÇÃO DE SERVICO' não está na lista de tipos técnicos aceitos.
02071.000057/2023-03,PAN Sul,VIAGEM A SERVIÇO,108,criterio_1_tipo_nao_tecnico,Tipo de processo 'VIAGEM A SERVIÇO' não está na lista de tipos técnicos aceitos.
02071.000006/2024-54,PAN Sul,PUBLICAÇÃO,49,criterio_2_sem_doc_tecnico,"Tipo de processo aceito, mas nenhum título de documento no processo contém termo técnico (ou todos os termos técnicos encontrados coincidem com termos de tramitação administrativa)."
02129.000914/2024-35,PAN Sul,LICENCIAMENTO AMBIENTAL,22,criterio_1_tipo_nao_tecnico,Tipo de processo 'LICENCIAMENTO AMBIENTAL' não está na lista de tipos técnicos aceitos.
02127.003814/2024-81,PAN Sul,EVENTO,342,criterio_1_tipo_nao_tecnico,Tipo de processo 'EVENTO' não está na lista de tipos técnicos aceitos.
02071.000046/2024-04,PAN Sul,VIAGEM A SERVIÇO,42,criterio_1_tipo_nao_tecnico,Tipo de processo 'VIAGEM A SERVIÇO' não está na lista de tipos técnicos aceitos.
02071.000060/2024-08,PAN Sul,VIAGEM A SERVIÇO,13,criterio_1_tipo_nao_tecnico,Tipo de processo 'VIAGEM A SERVIÇO' não está na lista de tipos técnicos aceitos.
02070.003267/2025-17,PAN Sul,PROJETO,111,criterio_2_sem_doc_tecnico,"Tipo de processo aceito, mas nenhum título de documento no processo contém termo técnico (ou todos os termos técnicos encontrados coincidem com termos de tramitação administrativa)."
02071.000062/2021-46,PAN Sul,VIAGEM A SERVIÇO,107,criterio_1_tipo_nao_tecnico,Tipo de processo 'VIAGEM A SERVIÇO' não está na lista de tipos técnicos aceitos.
02071.000074/2025-02,PAN Sul,VIAGEM A SERVIÇO,24,criterio_1_tipo_nao_tecnico,Tipo de processo 'VIAGEM A SERVIÇO' não está na lista de tipos técnicos aceitos.
02071.000128/2018-01,Monitoramento da fauna / Programa Monitora/Plano de Manejo.,DIÁRIAS E PASSAGENS,60,criterio_1_tipo_nao_tecnico,Tipo de processo 'DIÁRIAS E PASSAGENS' não está na lista de tipos técnicos aceitos.
02071.000126/2018-11,Monitoramento da fauna / Programa Monitora/Plano de Manejo.,CONTRATAÇÃO DE SERVICO,28,criterio_1_tipo_nao_tecnico,Tipo de processo 'CONTRATAÇÃO DE SERVICO' não está na lista de tipos técnicos aceitos.
02071.000076/2019-45,Monitoramento da fauna / Programa Monitora/Plano de Manejo.,SOLICITAÇÃO,21,criterio_1_tipo_nao_tecnico,Tipo de processo 'SOLICITAÇÃO' não está na lista de tipos técnicos aceitos.
02071.010012/2016-18,Monitoramento da fauna / Programa Monitora/Plano de Manejo.,VIAGEM A SERVIÇO,375,criterio_1_tipo_nao_tecnico,Tipo de processo 'VIAGEM A SERVIÇO' não está na lista de tipos técnicos aceitos.
02071.000043/2019-03,Monitoramento da fauna / Programa Monitora/Plano de Manejo.,VIAGEM A SERVIÇO,80,criterio_1_tipo_nao_tecnico,Tipo de processo 'VIAGEM A SERVIÇO' não está na lista de tipos técnicos aceitos.
02071.000067/2019-54,Monitoramento da fauna / Programa Monitora/Plano de Manejo.,PROJETO,7,criterio_2_sem_doc_tecnico,"Tipo de processo aceito, mas nenhum título de documento no processo contém termo técnico (ou todos os termos técnicos encontrados coincidem com termos de tramitação administrativa)."
02070.001028/2019-84,Monitoramento da fauna / Programa Monitora/Plano de Manejo.,VIAGEM A SERVIÇO,264,criterio_1_tipo_nao_tecnico,Tipo de processo 'VIAGEM A SERVIÇO' não está na lista de tipos técnicos aceitos.
02071.000084/2020-25,Monitoramento da fauna / Programa Monitora/Plano de Manejo.,VIAGEM A SERVIÇO,33,criterio_1_tipo_nao_tecnico,Tipo de processo 'VIAGEM A SERVIÇO' não está na lista de tipos técnicos aceitos.
02062.000003/2014-58,Monitoramento da fauna / Programa Monitora/Plano de Manejo.,PROCEDIMENTO ADMINISTRATIVO,99,criterio_1_tipo_nao_tecnico,Tipo de processo 'PROCEDIMENTO ADMINISTRATIVO' não está na lista de tipos técnicos aceitos.
02070.002122/2021-75,Monitoramento da fauna / Programa Monitora/Plano de Manejo.,SOLICITAÇÃO,46,criterio_1_tipo_nao_tecnico,Tipo de processo 'SOLICITAÇÃO' não está na lista de tipos técnicos aceitos.
02071.000020/2019-91,Monitoramento da fauna / Programa Monitora/Plano de Manejo.,VIAGEM A SERVIÇO,115,criterio_1_tipo_nao_tecnico,Tipo de processo 'VIAGEM A SERVIÇO' não está na lista de tipos técnicos aceitos.
02071.000139/2018-82,Monitoramento da fauna / Programa Monitora/Plano de Manejo.,VIAGEM A SERVIÇO,26,criterio_1_tipo_nao_tecnico,Tipo de processo 'VIAGEM A SERVIÇO' não está na lista de tipos técnicos aceitos.
02070.002120/2021-86,Monitoramento da fauna / Programa Monitora/Plano de Manejo.,SOLICITAÇÃO,45,criterio_1_tipo_nao_tecnico,Tipo de processo 'SOLICITAÇÃO' não está na lista de tipos técnicos aceitos.
02071.000063/2021-91,Monitoramento da fauna / Programa Monitora/Plano de Manejo.,PROJETO DE PESQUISA,3,criterio_2_sem_doc_tecnico,"Tipo de processo aceito, mas nenhum título de documento no processo contém termo técnico (ou todos os termos técnicos encontrados coincidem com termos de tramitação administrativa)."
02071.000060/2021-57,Monitoramento da fauna / Programa Monitora/Plano de Manejo.,UNIFORME,1,criterio_1_tipo_nao_tecnico,Tipo de processo 'UNIFORME' não está na lista de tipos técnicos aceitos.
02083.000013/2022-55,Monitoramento da fauna / Programa Monitora/Plano de Manejo.,SOLICITAÇÃO,25,criterio_1_tipo_nao_tecnico,Tipo de processo 'SOLICITAÇÃO' não está na lista de tipos técnicos aceitos.
02083.000012/2022-19,Monitoramento da fauna / Programa Monitora/Plano de Manejo.,SOLICITAÇÃO,67,criterio_1_tipo_nao_tecnico,Tipo de processo 'SOLICITAÇÃO' não está na lista de tipos técnicos aceitos.
02070.005353/2022-11,Monitoramento da fauna / Programa Monitora/Plano de Manejo.,TERMO,57,criterio_1_tipo_nao_tecnico,Tipo de processo 'TERMO' não está na lista de tipos técnicos aceitos.
02070.005873/2022-24,Monitoramento da fauna / Programa Monitora/Plano de Manejo.,CONSULTA,108,criterio_1_tipo_nao_tecnico,Tipo de processo 'CONSULTA' não está na lista de tipos técnicos aceitos.
02070.005816/2022-45,Monitoramento da fauna / Programa Monitora/Plano de Manejo.,CONSULTA,111,criterio_1_tipo_nao_tecnico,Tipo de processo 'CONSULTA' não está na lista de tipos técnicos aceitos.
02070.008394/2022-60,Monitoramento da fauna / Programa Monitora/Plano de Manejo.,CONSULTA,117,criterio_1_tipo_nao_tecnico,Tipo de processo 'CONSULTA' não está na lista de tipos técnicos aceitos.
02070.008393/2022-15,Monitoramento da fauna / Programa Monitora/Plano de Manejo.,CONSULTA,107,criterio_1_tipo_nao_tecnico,Tipo de processo 'CONSULTA' não está na lista de tipos técnicos aceitos.
02070.008623/2022-46,Monitoramento da fauna / Programa Monitora/Plano de Manejo.,MONITORAMENTO,65,criterio_2_sem_doc_tecnico,"Tipo de processo aceito, mas nenhum título de documento no processo contém termo técnico (ou todos os termos técnicos encontrados coincidem com termos de tramitação administrativa)."
02070.008978/2022-35,Monitoramento da fauna / Programa Monitora/Plano de Manejo.,CONSULTA,105,criterio_1_tipo_nao_tecnico,Tipo de processo 'CONSULTA' não está na lista de tipos técnicos aceitos.
02070.009762/2022-97,Monitoramento da fauna / Programa Monitora/Plano de Manejo.,CONSULTA,98,criterio_1_tipo_nao_tecnico,Tipo de processo 'CONSULTA' não está na lista de tipos técnicos aceitos.
02070.010802/2022-43,Monitoramento da fauna / Programa Monitora/Plano de Manejo.,CONSULTA,115,criterio_1_tipo_nao_tecnico,Tipo de processo 'CONSULTA' não está na lista de tipos técnicos aceitos.
02070.011251/2022-35,Monitoramento da fauna / Programa Monitora/Plano de Manejo.,CONSULTA,104,criterio_1_tipo_nao_tecnico,Tipo de processo 'CONSULTA' não está na lista de tipos técnicos aceitos.
02070.012551/2022-31,Monitoramento da fauna / Programa Monitora/Plano de Manejo.,CONSULTA,106,criterio_1_tipo_nao_tecnico,Tipo de processo 'CONSULTA' não está na lista de tipos técnicos aceitos.
02070.013745/2022-54,Monitoramento da fauna / Programa Monitora/Plano de Manejo.,CONSULTA,108,criterio_1_tipo_nao_tecnico,Tipo de processo 'CONSULTA' não está na lista de tipos técnicos aceitos.
02070.014061/2022-70,Monitoramento da fauna / Programa Monitora/Plano de Manejo.,MONITORAMENTO,123,criterio_2_sem_doc_tecnico,"Tipo de processo aceito, mas nenhum título de documento no processo contém termo técnico (ou todos os termos técnicos encontrados coincidem com termos de tramitação administrativa)."
02070.000078/2023-21,Monitoramento da fauna / Programa Monitora/Plano de Manejo.,PUBLICAÇÃO,59,criterio_2_sem_doc_tecnico,"Tipo de processo aceito, mas nenhum título de documento no processo contém termo técnico (ou todos os termos técnicos encontrados coincidem com termos de tramitação administrativa)."
02070.001531/2023-16,Monitoramento da fauna / Programa Monitora/Plano de Manejo.,CONSULTA,109,criterio_1_tipo_nao_tecnico,Tipo de processo 'CONSULTA' não está na lista de tipos técnicos aceitos.
02070.001693/2023-54,Monitoramento da fauna / Programa Monitora/Plano de Manejo.,CONSULTA,181,criterio_1_tipo_nao_tecnico,Tipo de processo 'CONSULTA' não está na lista de tipos técnicos aceitos.
02070.001689/2023-96,Monitoramento da fauna / Programa Monitora/Plano de Manejo.,CONSULTA,174,criterio_1_tipo_nao_tecnico,Tipo de processo 'CONSULTA' não está na lista de tipos técnicos aceitos.
02070.001701/2023-62,Monitoramento da fauna / Programa Monitora/Plano de Manejo.,CONSULTA,102,criterio_1_tipo_nao_tecnico,Tipo de processo 'CONSULTA' não está na lista de tipos técnicos aceitos.
02070.001423/2023-43,Monitoramento da fauna / Programa Monitora/Plano de Manejo.,CONSULTA,99,criterio_1_tipo_nao_tecnico,Tipo de processo 'CONSULTA' não está na lista de tipos técnicos aceitos.
02070.001694/2023-07,Monitoramento da fauna / Programa Monitora/Plano de Manejo.,CONSULTA,115,criterio_1_tipo_nao_tecnico,Tipo de processo 'CONSULTA' não está na lista de tipos técnicos aceitos.
02070.006935/2023-04,Monitoramento da fauna / Programa Monitora/Plano de Manejo.,CONSULTA,119,criterio_1_tipo_nao_tecnico,Tipo de processo 'CONSULTA' não está na lista de tipos técnicos aceitos.
02070.007793/2023-94,Monitoramento da fauna / Programa Monitora/Plano de Manejo.,AVALIAÇÃO DE DESEMPENHO,16,criterio_1_tipo_nao_tecnico,Tipo de processo 'AVALIAÇÃO DE DESEMPENHO' não está na lista de tipos técnicos aceitos.
02070.008267/2022-61,Monitoramento da fauna / Programa Monitora/Plano de Manejo.,CADASTRO,52,criterio_1_tipo_nao_tecnico,Tipo de processo 'CADASTRO' não está na lista de tipos técnicos aceitos.
02122.001296/2021-68,Monitoramento da fauna / Programa Monitora/Plano de Manejo.,SOLICITAÇÃO,154,criterio_1_tipo_nao_tecnico,Tipo de processo 'SOLICITAÇÃO' não está na lista de tipos técnicos aceitos.
02071.000065/2023-41,Monitoramento da fauna / Programa Monitora/Plano de Manejo.,VIAGEM A SERVIÇO,14,criterio_1_tipo_nao_tecnico,Tipo de processo 'VIAGEM A SERVIÇO' não está na lista de tipos técnicos aceitos.
02070.001116/2024-43,Monitoramento da fauna / Programa Monitora/Plano de Manejo.,CONSULTA,116,criterio_1_tipo_nao_tecnico,Tipo de processo 'CONSULTA' não está na lista de tipos técnicos aceitos.
02070.002568/2024-42,Monitoramento da fauna / Programa Monitora/Plano de Manejo.,PROCESSO ADMINISTRATIVO,42,criterio_1_tipo_nao_tecnico,Tipo de processo 'PROCESSO ADMINISTRATIVO' não está na lista de tipos técnicos aceitos.
02070.023637/2021-17,Monitoramento da fauna / Programa Monitora/Plano de Manejo.,CONSULTA,149,criterio_1_tipo_nao_tecnico,Tipo de processo 'CONSULTA' não está na lista de tipos técnicos aceitos.
02070.004429/2024-53,Monitoramento da fauna / Programa Monitora/Plano de Manejo.,CONSULTA,122,criterio_1_tipo_nao_tecnico,Tipo de processo 'CONSULTA' não está na lista de tipos técnicos aceitos.
02071.000090/2023-25,Monitoramento da fauna / Programa Monitora/Plano de Manejo.,PROCESSO SELETIVO,9,criterio_1_tipo_nao_tecnico,Tipo de processo 'PROCESSO SELETIVO' não está na lista de tipos técnicos aceitos.
02071.000091/2023-70,Monitoramento da fauna / Programa Monitora/Plano de Manejo.,PROCESSO SELETIVO,9,criterio_1_tipo_nao_tecnico,Tipo de processo 'PROCESSO SELETIVO' não está na lista de tipos técnicos aceitos.
02070.010089/2024-08,Monitoramento da fauna / Programa Monitora/Plano de Manejo.,INFORMAÇÃO,35,criterio_2_sem_doc_tecnico,"Tipo de processo aceito, mas nenhum título de documento no processo contém termo técnico (ou todos os termos técnicos encontrados coincidem com termos de tramitação administrativa)."
02122.001095/2024-11,Monitoramento da fauna / Programa Monitora/Plano de Manejo.,VIAGEM A SERVIÇO,81,criterio_1_tipo_nao_tecnico,Tipo de processo 'VIAGEM A SERVIÇO' não está na lista de tipos técnicos aceitos.
02070.015660/2024-72,Monitoramento da fauna / Programa Monitora/Plano de Manejo.,CONSULTA,92,criterio_1_tipo_nao_tecnico,Tipo de processo 'CONSULTA' não está na lista de tipos técnicos aceitos.
02070.014706/2024-36,Monitoramento da fauna / Programa Monitora/Plano de Manejo.,CONSULTA,88,criterio_1_tipo_nao_tecnico,Tipo de processo 'CONSULTA' não está na lista de tipos técnicos aceitos.
02070.020696/2024-78,Monitoramento da fauna / Programa Monitora/Plano de Manejo.,MONITORAMENTO,126,criterio_2_sem_doc_tecnico,"Tipo de processo aceito, mas nenhum título de documento no processo contém termo técnico (ou todos os termos técnicos encontrados coincidem com termos de tramitação administrativa)."
02070.000334/2025-41,Monitoramento da fauna / Programa Monitora/Plano de Manejo.,MONITORAMENTO,42,criterio_2_sem_doc_tecnico,"Tipo de processo aceito, mas nenhum título de documento no processo contém termo técnico (ou todos os termos técnicos encontrados coincidem com termos de tramitação administrativa)."
02070.022068/2024-27,Monitoramento da fauna / Programa Monitora/Plano de Manejo.,GRUPO DE TRABALHO,78,criterio_2_sem_doc_tecnico,"Tipo de processo aceito, mas nenhum título de documento no processo contém termo técnico (ou todos os termos técnicos encontrados coincidem com termos de tramitação administrativa)."
02070.003373/2025-09,Monitoramento da fauna / Programa Monitora/Plano de Manejo.,EVENTO,107,criterio_1_tipo_nao_tecnico,Tipo de processo 'EVENTO' não está na lista de tipos técnicos aceitos.
02127.013591/2024-60,Monitoramento da fauna / Programa Monitora/Plano de Manejo.,MONITORAMENTO,9,criterio_2_sem_doc_tecnico,"Tipo de processo aceito, mas nenhum título de documento no processo contém termo técnico (ou todos os termos técnicos encontrados coincidem com termos de tramitação administrativa)."
02070.005781/2025-97,Monitoramento da fauna / Programa Monitora/Plano de Manejo.,REUNIÃO,344,criterio_1_tipo_nao_tecnico,Tipo de processo 'REUNIÃO' não está na lista de tipos técnicos aceitos.
02070.005970/2025-60,Monitoramento da fauna / Programa Monitora/Plano de Manejo.,CONSULTA,111,criterio_1_tipo_nao_tecnico,Tipo de processo 'CONSULTA' não está na lista de tipos técnicos aceitos.
02070.005983/2025-39,Monitoramento da fauna / Programa Monitora/Plano de Manejo.,CONSULTA,108,criterio_1_tipo_nao_tecnico,Tipo de processo 'CONSULTA' não está na lista de tipos técnicos aceitos.
02071.000001/2024-21,Monitoramento da fauna / Programa Monitora/Plano de Manejo.,VIAGEM A SERVIÇO,302,criterio_1_tipo_nao_tecnico,Tipo de processo 'VIAGEM A SERVIÇO' não está na lista de tipos técnicos aceitos.
02071.000030/2025-74,Monitoramento da fauna / Programa Monitora/Plano de Manejo.,VIAGEM A SERVIÇO,5,criterio_1_tipo_nao_tecnico,Tipo de processo 'VIAGEM A SERVIÇO' não está na lista de tipos técnicos aceitos.
02070.020245/2024-31,Monitoramento da fauna / Programa Monitora/Plano de Manejo.,DECLARAÇÃO,159,criterio_1_tipo_nao_tecnico,Tipo de processo 'DECLARAÇÃO' não está na lista de tipos técnicos aceitos.
02070.020204/2024-44,Monitoramento da fauna / Programa Monitora/Plano de Manejo.,AQUISIÇÃO,73,criterio_1_tipo_nao_tecnico,Tipo de processo 'AQUISIÇÃO' não está na lista de tipos técnicos aceitos.
02070.013801/2025-01,Monitoramento da fauna / Programa Monitora/Plano de Manejo.,MONITORAMENTO,108,criterio_2_sem_doc_tecnico,"Tipo de processo aceito, mas nenhum título de documento no processo contém termo técnico (ou todos os termos técnicos encontrados coincidem com termos de tramitação administrativa)."
02120.014905/2025-92,Monitoramento da fauna / Programa Monitora/Plano de Manejo.,TRANSPORTE DE ANIMAIS,9,criterio_1_tipo_nao_tecnico,Tipo de processo 'TRANSPORTE DE ANIMAIS' não está na lista de tipos técnicos aceitos.
02128.005187/2024-11,Monitoramento da fauna / Programa Monitora/Plano de Manejo.,SOLICITAÇÃO,117,criterio_1_tipo_nao_tecnico,Tipo de processo 'SOLICITAÇÃO' não está na lista de tipos técnicos aceitos.
02083.000051/2025-51,Monitoramento da fauna / Programa Monitora/Plano de Manejo.,CONTRATAÇÃO DE SERVICO,9,criterio_1_tipo_nao_tecnico,Tipo de processo 'CONTRATAÇÃO DE SERVICO' não está na lista de tipos técnicos aceitos.
02071.000094/2025-75,Monitoramento da fauna / Programa Monitora/Plano de Manejo.,EVENTO,43,criterio_1_tipo_nao_tecnico,Tipo de processo 'EVENTO' não está na lista de tipos técnicos aceitos.
02070.002011/2026-73,Monitoramento da fauna / Programa Monitora/Plano de Manejo.,CONSULTA,116,criterio_1_tipo_nao_tecnico,Tipo de processo 'CONSULTA' não está na lista de tipos técnicos aceitos.
02070.001141/2020-01,Monitoramento da fauna / Programa Monitora/Plano de Manejo.,GESTÃO DE UNIDADE DE CONSERVAÇÃO,117,criterio_1_tipo_nao_tecnico,Tipo de processo 'GESTÃO DE UNIDADE DE CONSERVAÇÃO' não está na lista de tipos técnicos aceitos.
02121.001045/2024-36,Monitoramento da fauna / Programa Monitora/Plano de Manejo.,GESTÃO DE UNIDADE DE CONSERVAÇÃO,59,criterio_1_tipo_nao_tecnico,Tipo de processo 'GESTÃO DE UNIDADE DE CONSERVAÇÃO' não está na lista de tipos técnicos aceitos.
02121.001137/2025-05,Monitoramento da fauna / Programa Monitora/Plano de Manejo.,GESTÃO DE UNIDADE DE CONSERVAÇÃO,67,criterio_1_tipo_nao_tecnico,Tipo de processo 'GESTÃO DE UNIDADE DE CONSERVAÇÃO' não está na lista de tipos técnicos aceitos.
02070.004782/2026-03,Monitoramento da fauna / Programa Monitora/Plano de Manejo.,CONSULTA,130,criterio_1_tipo_nao_tecnico,Tipo de processo 'CONSULTA' não está na lista de tipos técnicos aceitos.
02070.007875/2026-81,Monitoramento da fauna / Programa Monitora/Plano de Manejo.,PROTOCOLO,44,criterio_1_tipo_nao_tecnico,Tipo de processo 'PROTOCOLO' não está na lista de tipos técnicos aceitos.
02070.007468/2026-74,Monitoramento da fauna / Programa Monitora/Plano de Manejo.,CONSULTA,117,criterio_1_tipo_nao_tecnico,Tipo de processo 'CONSULTA' não está na lista de tipos técnicos aceitos.
02030.000090/2023-10,Monitoramento da fauna / Programa Monitora/Plano de Manejo.,CRIAÇÃO DE UNIDADE DE CONSERVAÇÃO,195,criterio_1_tipo_nao_tecnico,Tipo de processo 'CRIAÇÃO DE UNIDADE DE CONSERVAÇÃO' não está na lista de tipos técnicos aceitos.
02070.010300/2024-84,Monitoramento da fauna / Programa Monitora/Plano de Manejo.,CRIAÇÃO DE UNIDADE DE CONSERVAÇÃO,62,criterio_1_tipo_nao_tecnico,Tipo de processo 'CRIAÇÃO DE UNIDADE DE CONSERVAÇÃO' não está na lista de tipos técnicos aceitos.
02070.007450/2026-72,Monitoramento da fauna / Programa Monitora/Plano de Manejo.,CONSULTA,122,criterio_1_tipo_nao_tecnico,Tipo de processo 'CONSULTA' não está na lista de tipos técnicos aceitos.
02070.008396/2026-82,Monitoramento da fauna / Programa Monitora/Plano de Manejo.,PESQUISA,142,criterio_2_sem_doc_tecnico,"Tipo de processo aceito, mas nenhum título de documento no processo contém termo técnico (ou todos os termos técnicos encontrados coincidem com termos de tramitação administrativa)."
02129.000647/2023-15,Monitoramento da fauna / Programa Monitora/Plano de Manejo.,GESTÃO DE UNIDADE DE CONSERVAÇÃO,52,criterio_1_tipo_nao_tecnico,Tipo de processo 'GESTÃO DE UNIDADE DE CONSERVAÇÃO' não está na lista de tipos técnicos aceitos.
02070.007966/2026-17,Monitoramento da fauna / Programa Monitora/Plano de Manejo.,GESTÃO DE UNIDADE DE CONSERVAÇÃO,42,criterio_1_tipo_nao_tecnico,Tipo de processo 'GESTÃO DE UNIDADE DE CONSERVAÇÃO' não está na lista de tipos técnicos aceitos.
02070.008913/2026-13,Monitoramento da fauna / Programa Monitora/Plano de Manejo.,CONSULTA,115,criterio_1_tipo_nao_tecnico,Tipo de processo 'CONSULTA' não está na lista de tipos técnicos aceitos.
02127.000781/2026-89,Monitoramento da fauna / Programa Monitora/Plano de Manejo.,GESTÃO DE UNIDADE DE CONSERVAÇÃO,41,criterio_1_tipo_nao_tecnico,Tipo de processo 'GESTÃO DE UNIDADE DE CONSERVAÇÃO' não está na lista de tipos técnicos aceitos.
02070.011443/2017-84,Monitoramento da fauna / Programa Monitora/Plano de Manejo.,GESTÃO DE UNIDADE DE CONSERVAÇÃO,81,criterio_1_tipo_nao_tecnico,Tipo de processo 'GESTÃO DE UNIDADE DE CONSERVAÇÃO' não está na lista de tipos técnicos aceitos.
02070.013631/2026-38,Monitoramento da fauna / Programa Monitora/Plano de Manejo.,COMUNICAÇÃO,21,criterio_1_tipo_nao_tecnico,Tipo de processo 'COMUNICAÇÃO' não está na lista de tipos técnicos aceitos.
02071.000087/2020-69,Guias/Publicações,AUTORIZAÇÃO,17,criterio_1_tipo_nao_tecnico,Tipo de processo 'AUTORIZAÇÃO' não está na lista de tipos técnicos aceitos.
02070.012542/2023-21,Guias/Publicações,SOLICITAÇÃO,214,criterio_1_tipo_nao_tecnico,Tipo de processo 'SOLICITAÇÃO' não está na lista de tipos técnicos aceitos.
02070.018842/2025-86,Guias/Publicações,SOLICITAÇÃO,40,criterio_1_tipo_nao_tecnico,Tipo de processo 'SOLICITAÇÃO' não está na lista de tipos técnicos aceitos.
02071.000064/2025-69,Guias/Publicações,MATERIAL GRÁFICO,18,criterio_1_tipo_nao_tecnico,Tipo de processo 'MATERIAL GRÁFICO' não está na lista de tipos técnicos aceitos.
02070.006296/2020-26,Guias/Publicações,DELEGAÇÃO DE COMPETÊNCIA,376,criterio_1_tipo_nao_tecnico,Tipo de processo 'DELEGAÇÃO DE COMPETÊNCIA' não está na lista de tipos técnicos aceitos.
02070.000627/2026-18,Guias/Publicações,PROTOCOLO,103,criterio_1_tipo_nao_tecnico,Tipo de processo 'PROTOCOLO' não está na lista de tipos técnicos aceitos.
02070.007856/2026-55,Guias/Publicações,PUBLICAÇÃO,40,criterio_2_sem_doc_tecnico,"Tipo de processo aceito, mas nenhum título de documento no processo contém termo técnico (ou todos os termos técnicos encontrados coincidem com termos de tramitação administrativa)."
02071.000010/2016-11,Processo de Avaliação do Estado de Conservação da Fauna,FAUNA,7,criterio_2_sem_doc_tecnico,"Tipo de processo aceito, mas nenhum título de documento no processo contém termo técnico (ou todos os termos técnicos encontrados coincidem com termos de tramitação administrativa)."
02071.000018/2017-50,Processo de Avaliação do Estado de Conservação da Fauna,CONVITE,1,criterio_1_tipo_nao_tecnico,Tipo de processo 'CONVITE' não está na lista de tipos técnicos aceitos.
02071.000019/2017-02,Processo de Avaliação do Estado de Conservação da Fauna,FAUNA,6,criterio_2_sem_doc_tecnico,"Tipo de processo aceito, mas nenhum título de documento no processo contém termo técnico (ou todos os termos técnicos encontrados coincidem com termos de tramitação administrativa)."
02071.000125/2017-88,Processo de Avaliação do Estado de Conservação da Fauna,DIÁRIAS E PASSAGENS,89,criterio_1_tipo_nao_tecnico,Tipo de processo 'DIÁRIAS E PASSAGENS' não está na lista de tipos técnicos aceitos.
02176.000099/2017-10,Processo de Avaliação do Estado de Conservação da Fauna,ESPÉCIES AMEAÇADAS,39,criterio_2_sem_doc_tecnico,"Tipo de processo aceito, mas nenhum título de documento no processo contém termo técnico (ou todos os termos técnicos encontrados coincidem com termos de tramitação administrativa)."
02176.000115/2017-74,Processo de Avaliação do Estado de Conservação da Fauna,GESTÃO PÚBLICA,16,criterio_1_tipo_nao_tecnico,Tipo de processo 'GESTÃO PÚBLICA' não está na lista de tipos técnicos aceitos.
02070.012689/2022-31,Processo de Avaliação do Estado de Conservação da Fauna,ORDEM DE SERVIÇO,22,criterio_1_tipo_nao_tecnico,Tipo de processo 'ORDEM DE SERVIÇO' não está na lista de tipos técnicos aceitos.
02071.000008/2023-62,Processo de Avaliação do Estado de Conservação da Fauna,PROCESSO SELETIVO,12,criterio_1_tipo_nao_tecnico,Tipo de processo 'PROCESSO SELETIVO' não está na lista de tipos técnicos aceitos.
02070.010145/2026-68,Processo de Avaliação do Estado de Conservação da Fauna,REUNIÃO,25,criterio_1_tipo_nao_tecnico,Tipo de processo 'REUNIÃO' não está na lista de tipos técnicos aceitos.
